true,pred
30.44,30.99795
30.44,30.9306
31.05,31.034384
31.05,31.213968
31.05,33.39611
31.05,33.361206
36.06,33.431164
36.06,33.538654
36.06,37.67722
36.06,37.885956
45.85,38.049717
45.85,38.134544
45.85,47.543087
45.85,48.253395
48.93,48.582573
48.93,48.575912
48.93,49.64967
48.93,49.946545
34.15,49.87699
34.15,49.567894
34.15,34.619892
34.15,33.446472
31.06,32.53291
31.06,31.972914
31.06,30.58724
31.06,29.830404
30.57,29.348404
30.57,29.183245
30.57,30.908731
30.57,30.56651
28.84,30.418686
28.84,30.465494
28.84,30.316479
28.84,30.003468
30.6,29.904306
30.6,29.98087
30.6,32.02359
30.6,31.931408
29.56,31.98017
29.56,32.113064
29.56,31.26076
29.56,31.00515
29.17,30.93947
29.17,31.007603
29.17,30.621801
29.17,30.351458
28.44,30.29001
28.44,30.376177
28.44,29.87273
28.44,29.576674
28.53,29.511845
28.53,29.6118
28.53,30.02418
28.53,29.7917
30.46,29.77667
30.46,29.90578
30.46,32.07958
30.46,32.017227
41.75,32.09362
41.75,32.2387
41.75,43.77712
41.75,44.55175
45.11,45.032967
45.11,45.201363
45.11,46.676147
45.11,46.99539
48.34,47.022877
48.34,46.828724
48.34,48.79246
48.34,48.995106
46.42,48.868176
46.42,48.543625
46.42,46.130196
46.42,45.935196
46.48,45.538155
46.48,45.098476
46.48,46.16181
46.48,46.04313
46.02,45.703342
46.02,45.307644
46.02,45.68819
46.02,45.551506
41.9,45.206047
41.9,44.81744
41.9,41.809944
41.9,41.38227
45.21,40.892635
45.21,40.485508
45.21,45.1267
45.21,45.18338
48.97,45.01096
48.97,44.74982
48.97,48.980236
48.97,49.228466
52.42,49.12002
52.42,48.818954
52.42,52.1564
52.42,52.451946
53.97,52.307056
53.97,51.917442
53.97,53.10493
53.97,53.287376
50.05,53.026024
50.05,52.544605
50.05,49.034622
50.05,48.786724
55.56,48.269543
55.56,47.702713
55.56,54.514168
55.56,54.867992
56.08,54.710743
56.08,54.27486
56.08,54.56416
56.08,54.73255
46.44,54.419884
46.44,53.88284
46.44,45.493687
46.44,44.85114
35.74,44.09555
35.74,43.44241
35.74,35.40905
35.74,34.328915
36.87,33.457222
36.87,32.92944
36.87,36.2685
36.87,35.923042
32.57,35.63202
32.57,35.483288
32.57,33.324448
32.57,32.831528
31.5,32.49683
31.5,32.366207
31.5,32.407726
31.5,32.072968
30.82,31.900229
30.82,31.891052
30.82,31.932926
30.82,31.656738
30.46,31.548536
30.46,31.586054
30.46,31.839209
30.46,31.603256
30.5,31.534737
30.5,31.595945
30.5,31.92104
30.5,31.71186
31.11,31.665854
31.11,31.737785
31.11,32.58353
31.11,32.42613
32.96,32.40769
32.96,32.482895
32.96,34.477013
32.96,34.43539
41.79,34.466305
41.79,34.534256
41.79,43.454166
41.79,44.02653
51.33,44.34286
51.33,44.414093
51.33,52.6541
51.33,53.44487
54.95,53.710396
54.95,53.559216
54.95,54.704216
54.95,55.10875
51.93,55.00107
51.93,54.574436
51.93,50.9002
51.93,50.765995
50.35,50.302246
50.35,49.729107
50.35,49.31023
50.35,49.14022
50.81,48.680607
50.81,48.146984
50.81,49.805424
50.81,49.772533
46.49,49.409966
46.49,48.932632
46.49,45.78577
46.49,45.422928
41.16,44.887047
41.16,44.373417
41.16,40.84179
41.16,40.26606
35.38,39.67604
35.38,39.225597
35.38,35.299725
35.38,34.585396
35.76,34.016666
35.76,33.694782
35.76,35.930145
35.76,35.661385
36.8,35.447144
36.8,35.348507
36.8,37.718597
36.8,37.647118
44.9,37.557182
44.9,37.493813
44.9,46.10289
44.9,46.639236
48.91,46.8496
48.91,46.806828
48.91,49.590405
48.91,49.94145
47.47,49.912827
47.47,49.637524
47.47,47.426132
47.47,47.32129
37.63,46.96829
37.63,46.529087
37.63,37.575993
37.63,36.692745
34.44,35.93679
34.44,35.433605
34.44,34.191307
34.44,33.561005
32.7,33.090923
32.7,32.85928
32.7,33.052776
32.7,32.646675
30.49,32.391113
30.49,32.322334
30.49,31.55581
30.49,31.174799
30.27,30.98448
30.27,30.980211
30.27,31.436243
30.27,31.180727
28.99,31.103374
28.99,31.170805
28.99,30.420343
28.99,30.108837
28.95,30.013903
28.95,30.085585
28.95,30.365215
28.95,30.121212
29.08,30.086264
29.08,30.197176
29.08,30.62373
29.08,30.413101
30.32,30.400885
30.32,30.519186
30.32,31.935041
30.32,31.821836
30.85,31.859158
30.85,31.98168
30.85,32.51563
30.85,32.37018
36.66,32.36635
36.66,32.44864
36.66,38.26737
36.66,38.54707
47.5,38.752327
47.5,38.855625
47.5,49.27386
47.5,50.09873
48.68,50.479145
48.68,50.4707
48.68,49.24313
48.68,49.41865
48.47,49.25914
48.47,48.89865
48.47,48.262512
48.47,48.20476
49.29,47.871017
49.29,47.429054
49.29,48.654537
49.29,48.634106
49.29,48.31459
49.29,47.88254
49.29,48.67434
49.29,48.631634
47.99,48.290585
47.99,47.846066
47.99,47.43089
47.99,47.28132
45.92,46.88228
45.92,46.424553
45.92,45.45313
45.92,45.19924
42.01,44.762234
42.01,44.31926
42.01,41.76048
42.01,41.315617
41.27,40.811485
41.27,40.398167
41.27,41.19696
41.27,40.928524
42.12,40.58342
42.12,40.288395
42.12,42.33029
42.12,42.24081
48.32,42.016808
48.32,41.775963
48.32,48.698105
48.32,49.092247
48.95,49.113266
48.95,48.901634
48.95,48.920044
48.95,49.00544
49.0,48.768097
49.0,48.378204
49.0,48.660194
49.0,48.632393
44.49,48.307762
44.49,47.86979
44.49,44.022114
44.49,43.60146
35.2,43.064556
35.2,42.581448
35.2,35.183037
35.2,34.258255
34.99,33.52162
34.99,33.08622
34.99,34.780224
34.99,34.379276
31.26,34.0831
31.26,33.956993
31.26,32.047848
31.26,31.561922
30.36,31.267475
30.36,31.188354
30.36,31.36496
30.36,31.041786
29.99,30.90659
29.99,30.94174
29.99,31.250977
29.99,31.000103
29.97,30.932276
29.97,31.007977
29.97,31.461782
29.97,31.25272
30.03,31.21817
30.03,31.307096
30.03,31.544678
30.03,31.33855
30.02,31.306246
30.02,31.392939
30.02,31.531801
30.02,31.317772
30.83,31.279795
30.83,31.362518
30.83,32.325096
30.83,32.17559
35.35,32.171516
35.35,32.260406
35.35,36.943916
35.35,37.124573
41.84,37.279583
41.84,37.37771
41.84,43.55038
41.84,43.987877
46.95,44.18967
46.95,44.18098
46.95,48.0311
46.95,48.413574
47.98,48.455017
47.98,48.2521
47.98,48.14959
47.98,48.217453
47.06,47.991207
47.06,47.61784
47.06,46.77979
47.06,46.64507
47.16,46.28021
47.16,45.851196
47.16,46.747246
47.16,46.64986
44.93,46.31241
44.93,45.907143
44.93,44.61207
44.93,44.349545
44.71,43.926876
44.71,43.5086
44.71,44.51855
44.71,44.358635
42.6,44.022305
42.6,43.664146
42.6,42.54172
42.6,42.25439
43.6,41.86186
43.6,41.50482
43.6,43.667755
43.6,43.585087
44.98,43.3343
44.98,43.048717
44.98,45.110786
44.98,45.115818
48.91,44.902683
48.91,44.61032
48.91,48.979324
48.91,49.220142
48.96,49.10758
48.96,48.802685
48.96,48.676907
48.96,48.68617
56.01,48.39064
56.01,47.97076
56.01,55.405754
56.01,55.930115
46.45,55.89422
46.45,55.515007
46.45,45.468613
46.45,44.873554
36.11,44.159206
36.11,43.52967
36.11,36.00146
36.11,34.978516
34.67,34.141838
34.67,33.623077
34.67,34.08967
34.67,33.54282
32.87,33.14029
32.87,32.960773
32.87,33.478798
32.87,33.121586
32.65,32.895405
32.65,32.836273
32.65,33.77396
32.65,33.56111
31.94,33.456085
31.94,33.461197
31.94,33.20474
31.94,32.95879
31.39,32.845364
31.39,32.85056
31.39,32.66964
31.39,32.41626
31.17,32.31227
31.17,32.333168
31.17,32.464012
31.17,32.231426
32.55,32.150764
32.55,32.19059
32.55,33.92372
32.55,33.829456
32.84,33.828243
32.84,33.889324
32.84,34.329556
32.84,34.185417
35.9,34.133213
35.9,34.150047
35.9,37.266815
35.9,37.327473
46.87,37.371635
46.87,37.393147
46.87,48.375366
46.87,49.157997
48.98,49.522705
48.98,49.52776
48.98,49.60283
48.98,49.853897
48.45,49.7459
48.45,49.413593
48.45,48.306755
48.45,48.248116
48.42,47.91249
48.42,47.46781
48.42,47.82736
48.42,47.73677
47.82,47.380135
47.82,46.939552
47.82,47.273518
47.82,47.154163
46.49,46.784172
46.49,46.348476
46.49,46.065746
46.49,45.87977
41.84,45.483833
41.84,45.055363
41.84,41.622005
41.84,41.140663
38.31,40.61057
38.31,40.18176
38.31,38.27869
38.31,37.773792
37.41,37.305958
37.41,36.988445
37.41,37.61855
37.41,37.308865
37.96,37.019367
37.96,36.833424
37.96,38.617596
37.96,38.486202
42.06,38.32295
42.06,38.194744
42.06,42.93211
42.06,43.125465
46.44,43.127453
46.44,43.015453
46.44,47.177227
46.44,47.474743
45.95,47.459045
45.95,47.245518
45.95,46.180595
45.95,46.123524
39.49,45.83929
39.49,45.47007
39.49,39.572556
39.49,38.95405
36.09,38.36731
36.09,37.93548
36.09,36.062553
36.09,35.501377
34.98,35.044006
34.98,34.77823
34.98,35.29835
34.98,34.953545
33.9,34.693794
33.9,34.574673
33.9,34.797596
33.9,34.52343
38.45,34.339424
38.45,34.273632
38.45,39.544067
38.45,39.723824
34.55,39.802544
34.55,39.80845
34.55,35.83607
34.55,35.448807
33.96,35.152622
33.96,34.978237
33.96,34.759415
33.96,34.453003
34.11,34.249573
34.11,34.167084
34.11,34.996834
34.11,34.79411
35.18,34.669094
35.18,34.633972
35.18,36.38195
35.18,36.296776
35.61,36.236584
35.61,36.21268
35.61,36.825504
35.61,36.70433
34.55,36.60446
34.55,36.542877
34.55,35.655293
34.55,35.39769
36.89,35.213673
36.89,35.121113
36.89,37.86122
36.89,37.842407
35.21,37.800343
35.21,37.75928
35.21,36.341328
35.21,36.076344
38.07,35.86791
38.07,35.74485
38.07,39.001606
38.07,39.02444
37.87,38.98795
37.87,38.92791
37.87,38.877094
37.87,38.743294
37.28,38.579235
37.28,38.43452
37.28,38.156883
37.28,37.944725
39.96,37.733345
39.96,37.574364
39.96,40.683556
39.96,40.71314
35.02,40.637386
35.02,40.519295
35.02,35.908585
35.02,35.407803
34.31,35.012184
34.31,34.775997
34.31,34.879272
34.31,34.54538
34.17,34.31241
34.17,34.21264
34.17,35.00642
34.17,34.78615
35.19,34.644123
35.19,34.599777
35.19,36.366024
35.19,36.275898
46.76,36.21106
46.76,36.185444
46.76,48.139046
46.76,48.94152
49.96,49.32589
49.96,49.352837
49.96,50.616947
49.96,50.969185
49.99,50.91851
49.99,50.604176
49.99,49.793453
49.99,49.81572
44.11,49.510532
44.11,49.056114
44.11,43.581627
44.11,43.06261
35.88,42.45834
35.88,41.937237
35.88,35.732616
35.88,34.8569
34.53,34.14707
34.53,33.719376
34.53,34.349426
34.53,33.878716
34.51,33.534897
34.51,33.385902
34.51,35.20884
34.51,35.001644
33.09,34.859165
33.09,34.817154
33.09,34.29733
33.09,34.026123
32.69,33.860542
32.69,33.8122
32.69,33.79805
32.69,33.552998
32.41,33.425007
32.41,33.409866
32.41,33.59936
32.41,33.373623
31.85,33.26788
31.85,33.269966
31.85,33.123936
31.85,32.879265
32.03,32.770916
32.03,32.77967
32.03,33.301563
32.03,33.10555
31.9,33.03396
31.9,33.062893
31.9,33.248863
31.9,33.042797
32.52,32.96481
32.52,32.989338
32.52,33.862274
32.52,33.710724
33.04,33.663177
33.04,33.695004
33.04,34.413704
33.04,34.27049
33.75,34.216076
33.75,34.231388
33.75,35.08851
33.75,34.96188
35.22,34.904118
35.22,34.903645
35.22,36.50576
35.22,36.44699
34.84,36.40938
34.84,36.393753
34.84,36.0852
34.84,35.89809
33.91,35.76356
33.91,35.692535
33.91,34.97855
33.91,34.708168
32.63,34.53089
32.63,34.457138
32.63,33.640064
32.63,33.323162
32.86,33.13953
32.86,33.090977
32.86,33.935944
32.86,33.734
31.95,33.63867
31.95,33.642624
31.95,33.22353
31.95,32.963615
32.66,32.83932
32.66,32.835854
32.66,33.9068
32.66,33.750965
34.44,33.697285
34.44,33.726185
34.44,35.800594
34.44,35.765102
37.24,35.764614
37.24,35.78789
37.24,38.64571
37.24,38.726128
42.01,38.750908
42.01,38.731182
42.01,43.251198
42.01,43.520485
47.02,43.58557
47.02,43.498978
47.02,47.834824
47.02,48.18204
39.77,48.195034
39.77,47.983128
39.77,40.12681
39.77,39.539658
36.86,38.970016
36.86,38.530262
36.86,36.924213
36.86,36.401363
34.75,35.95771
34.75,35.680103
34.75,34.982937
34.75,34.557076
33.6,34.238647
33.6,34.086273
33.6,34.400303
33.6,34.098045
31.44,33.900085
31.44,33.834763
31.44,32.489567
31.44,32.114876
31.08,31.908878
31.08,31.871986
31.08,32.169403
31.08,31.902058
31.53,31.796347
31.53,31.830376
31.53,32.854805
31.53,32.685165
30.9,32.646103
30.9,32.706142
30.9,32.373947
30.9,32.135857
31.24,32.054115
31.24,32.09271
31.24,32.60122
31.24,32.409138
31.68,32.360622
31.68,32.41696
31.68,33.10236
31.68,32.937798
43.5,32.899662
43.5,32.951885
43.5,45.18566
43.5,45.979187
49.92,46.436295
49.92,46.565945
49.92,51.203682
49.92,51.79743
49.92,51.93608
49.92,51.728226
49.92,49.922718
49.92,49.978813
49.9,49.701756
49.9,49.257763
49.9,49.250305
49.9,49.197796
49.98,48.84046
49.98,48.368946
49.98,49.185577
49.98,49.138275
49.97,48.78165
49.97,48.317066
49.97,49.240395
49.97,49.20183
49.07,48.84954
49.07,48.387833
49.07,48.380894
49.07,48.27231
46.07,47.883167
46.07,47.414146
46.07,45.52321
46.07,45.21926
44.73,44.739098
44.73,44.26652
44.73,44.34426
44.73,44.092335
46.09,43.68313
46.09,43.282047
46.09,45.850708
46.09,45.821156
46.47,45.558144
46.47,45.222855
46.47,46.356544
46.47,46.3179
48.21,46.036682
48.21,45.67598
48.21,48.03013
48.21,48.09437
48.49,47.858047
48.49,47.49298
48.49,48.126167
48.49,48.108997
48.35,47.803337
48.35,47.390594
48.35,47.914547
48.35,47.85044
42.32,47.511032
42.32,47.081432
42.32,42.01345
42.32,41.46724
36.35,40.87531
36.35,40.396282
36.35,36.284115
36.35,35.56854
35.82,34.97625
35.82,34.616722
35.82,35.846413
35.82,35.495495
33.07,35.21476
33.07,35.074272
33.07,33.87249
33.07,33.47269
35.38,33.205227
35.38,33.105183
35.38,36.34501
35.38,36.307945
34.58,36.28535
34.58,36.29245
34.58,35.86286
34.58,35.669285
34.64,35.532013
34.64,35.465633
34.64,35.770676
34.64,35.583324
35.02,35.45492
35.02,35.397423
35.02,36.07364
35.02,35.91421
34.97,35.800632
34.97,35.747437
34.97,36.093056
34.97,35.91542
37.01,35.78622
37.01,35.721886
37.01,38.08966
37.01,38.07301
43.3,38.027412
43.3,37.977955
43.3,44.44406
43.3,44.826878
68.1,44.95365
68.1,44.887016
68.1,69.15402
68.1,71.197716
68.02,72.09493
68.02,72.02939
68.02,64.60287
68.02,65.22844
67.28,65.054565
67.28,64.41711
67.28,64.30331
67.28,64.78257
73.07,64.495186
73.07,63.8039
73.07,69.16442
73.07,70.06578
74.23,70.00565
74.23,69.37221
74.23,69.46363
74.23,70.25505
67.61,70.08965
67.61,69.39776
67.61,63.433186
67.61,63.664803
66.01,63.18508
66.01,62.404728
66.01,62.699944
66.01,63.013714
57.97,62.625797
57.97,61.902264
57.97,55.0561
57.97,54.78913
56.38,54.10804
56.38,53.333984
56.38,54.418777
56.38,54.35245
56.0,53.852596
56.0,53.199257
56.0,54.05687
56.0,54.071617
67.71,53.64395
67.71,53.045574
67.71,65.65908
67.71,66.68545
67.18,66.811935
67.18,66.34854
67.18,63.590294
67.18,64.07746
60.39,63.80525
60.39,63.13976
60.39,57.657284
60.39,57.600132
51.98,57.028217
51.98,56.278976
51.98,50.094166
51.98,49.588097
39.76,48.832977
39.76,48.09681
39.76,38.908226
39.76,37.81479
37.38,36.846336
37.38,36.183197
37.38,36.64719
37.38,36.03204
34.7,35.506466
34.7,35.193638
34.7,34.862152
34.7,34.406517
35.81,34.059658
35.81,33.896957
35.81,36.61796
35.81,36.501545
34.6,36.40039
34.6,36.355637
34.6,35.723408
34.6,35.48375
34.71,35.30855
34.71,35.22387
34.71,35.75828
34.71,35.569084
35.03,35.43755
35.03,35.380436
35.03,36.09336
35.03,35.934925
35.03,35.82093
35.03,35.767616
35.03,36.156857
35.03,35.98409
36.17,35.85718
36.17,35.793144
36.17,37.24672
36.17,37.157566
41.2,37.072857
41.2,37.014698
41.2,42.314285
41.2,42.57175
52.3,42.64774
52.3,42.591663
52.3,53.311436
52.3,54.16896
55.66,54.46838
55.66,54.33453
55.66,55.25051
55.66,55.673035
58.21,55.563854
58.21,55.128124
58.21,56.934376
58.21,57.272186
58.01,57.04925
58.01,56.518368
58.01,56.11358
58.01,56.265213
55.68,55.904728
55.68,55.307755
55.68,53.895336
55.68,53.854176
52.15,53.387333
52.15,52.765438
52.15,50.66484
52.15,50.43831
49.88,49.896492
49.88,49.286953
49.88,48.72301
49.88,48.490894
45.67,47.99013
45.67,47.444843
45.67,44.891415
45.67,44.473675
46.81,43.91294
46.81,43.402782
46.81,46.303677
46.81,46.223198
47.92,45.905224
47.92,45.52775
47.92,47.56668
47.92,47.581104
50.27,47.311634
50.27,46.9374
50.27,49.935654
50.27,50.08313
53.84,49.86762
53.84,49.479595
53.84,53.15316
53.84,53.44434
52.49,53.269466
52.49,52.844654
52.49,51.45982
52.49,51.438576
41.28,51.048096
41.28,50.516735
41.28,40.767536
41.28,39.886864
39.99,39.051632
39.99,38.436337
39.99,39.44442
39.99,38.986813
37.37,38.526943
37.37,38.196213
37.37,37.41309
37.37,36.99723
34.1,36.621513
34.1,36.38487
34.1,34.740067
34.1,34.281628
32.84,33.9426
32.84,33.779423
32.84,33.532475
32.84,33.184975
32.26,32.971844
32.26,32.91425
32.26,33.297012
32.26,33.039818
31.87,32.91133
31.87,32.909466
31.87,33.128624
31.87,32.90001
31.25,32.803215
31.25,32.82124
31.25,32.560394
31.25,32.306854
32.34,32.20571
32.34,32.230278
32.34,33.655724
32.34,33.529808
33.58,33.50846
33.58,33.562572
33.58,35.036945
33.58,34.96375
38.12,34.95231
38.12,34.98238
38.12,39.566395
38.12,39.7741
47.94,39.882694
47.94,39.89891
47.94,49.33622
47.94,50.059063
48.99,50.34952
48.99,50.2857
48.99,49.353935
48.99,49.510612
47.42,49.32983
47.42,48.95731
47.42,47.19299
47.42,47.034046
47.94,46.64165
47.94,46.183746
47.94,47.386086
47.94,47.308666
45.69,46.97258
45.69,46.555588
45.69,45.264877
45.69,45.014248
44.11,44.585075
44.11,44.14993
44.11,43.879192
44.11,43.621834
41.77,43.22069
41.77,42.832676
41.77,41.67928
41.77,41.343185
38.68,40.931137
38.68,40.57983
38.68,38.839928
38.68,38.413788
39.51,37.998306
39.51,37.701687
39.51,39.80935
39.51,39.658222
40.91,39.44716
40.91,39.266323
40.91,41.526104
40.91,41.50473
44.69,41.360786
44.69,41.18411
44.69,45.33749
44.69,45.536232
48.73,45.482166
48.73,45.28461
48.73,49.0371
48.73,49.317825
42.0,49.24036
42.0,48.95201
42.0,42.02707
42.0,41.496235
38.02,40.922375
38.02,40.44686
38.02,37.979496
38.02,37.40941
36.76,36.89859
36.76,36.55602
36.76,36.808746
36.76,36.43999
33.82,36.121555
33.82,35.933994
33.82,34.51782
33.82,34.095036
31.05,33.792248
31.05,33.656136
31.05,31.892479
31.05,31.435173
29.06,31.17338
29.06,31.115328
29.06,30.024487
29.06,29.605946
26.87,29.426142
26.87,29.45811
26.87,28.107464
26.87,27.678053
23.43,27.54077
23.43,27.635843
23.43,24.812218
23.43,24.255575
23.65,24.094746
23.65,24.236849
23.65,24.892256
23.65,24.605045
23.92,24.658815
23.92,24.91569
23.92,25.827171
23.92,25.598501
29.1,25.693863
29.1,25.968588
29.1,31.205183
29.1,31.381891
31.08,31.689575
31.08,31.993357
31.08,33.49144
31.08,33.527447
37.04,33.660007
37.04,33.79868
37.04,38.921978
37.04,39.227406
39.3,39.44427
39.3,39.53398
39.3,40.828655
39.3,40.923637
37.72,40.911243
37.72,40.814003
37.72,38.72154
37.72,38.464012
37.76,38.206684
37.76,37.998398
37.76,38.345398
37.76,38.132225
38.89,37.915062
38.89,37.75054
38.89,39.576427
38.89,39.492977
37.17,39.349934
37.17,39.210938
37.17,37.999935
37.17,37.72795
36.82,37.468616
36.82,37.282494
36.82,37.52364
36.82,37.294876
36.31,37.083084
36.31,36.94058
36.31,37.091084
36.31,36.86771
37.23,36.670967
37.23,36.546776
37.23,38.119274
37.23,38.014935
37.99,37.892162
37.99,37.794956
37.99,38.940716
37.99,38.853207
43.74,38.724762
43.74,38.604897
43.74,44.650097
43.74,44.972034
50.5,45.04082
50.5,44.935074
50.5,51.107746
50.5,51.633015
47.62,51.709293
47.62,51.47618
47.62,47.46253
47.62,47.30224
41.97,46.902
41.97,46.430862
41.97,41.7566
41.97,41.19628
42.82,40.602898
42.82,40.12525
42.82,42.469635
42.82,42.277187
39.93,41.96392
39.93,41.665203
39.93,40.092056
39.93,39.7372
33.1,39.34878
33.1,39.04406
33.1,33.608917
33.1,32.87433
31.05,32.335823
31.05,32.061813
31.05,31.321508
31.05,30.817854
29.85,30.527964
29.85,30.470524
29.85,30.774433
29.85,30.436005
29.04,30.30091
29.04,30.350039
29.04,30.425371
29.04,30.146666
28.65,30.076647
28.65,30.167519
28.65,30.126026
28.65,29.867928
28.77,29.826746
28.77,29.938307
28.77,30.317745
28.77,30.099514
28.84,30.088905
28.84,30.214401
28.84,30.452509
28.84,30.238192
30.77,30.228636
30.77,30.35059
30.77,32.385452
30.77,32.322445
32.5,32.391075
32.5,32.524326
32.5,34.231956
32.5,34.201466
35.06,34.250687
35.06,34.331726
35.06,36.65918
35.06,36.700592
41.76,36.747494
41.76,36.77853
41.76,43.224556
41.76,43.632076
41.54,43.816044
41.54,43.80538
41.54,42.595493
41.54,42.545128
36.19,42.362297
36.19,42.121902
36.19,36.821
36.19,36.244205
33.79,35.765457
33.79,35.454918
33.79,34.041992
33.79,33.546062
31.54,33.19735
31.54,33.041103
31.54,32.208366
31.54,31.782265
30.03,31.536818
30.03,31.485598
30.03,31.084631
30.03,30.731228
31.41,30.57853
31.41,30.606638
31.41,32.677338
31.41,32.560894
32.7,32.569893
32.7,32.66677
32.7,34.308918
32.7,34.250107
37.93,34.269478
37.93,34.33369
37.93,39.5175
37.93,39.782078
45.92,39.941013
45.92,39.989384
45.92,47.391857
45.92,47.971855
44.27,48.193703
44.27,48.122025
44.27,44.89584
44.27,44.7851
39.44,44.49474
39.44,44.137802
39.44,39.66331
39.44,39.132324
35.24,38.618763
35.24,38.230965
35.24,35.283905
35.24,34.67593
35.12,34.200684
35.12,33.93689
35.12,35.465508
35.12,35.184193
33.81,34.97405
33.81,34.88402
33.81,34.779846
33.81,34.50444
32.57,34.320606
32.57,34.2538
32.57,33.66081
32.57,33.36222
32.15,33.19143
32.15,33.152374
32.15,33.247833
32.15,32.995342
31.55,32.875095
31.55,32.876503
31.55,32.801895
31.55,32.55021
31.4,32.443413
31.4,32.460648
31.4,32.700203
31.4,32.477436
31.45,32.39871
31.45,32.43524
31.45,32.80843
31.45,32.607296
32.03,32.54481
32.03,32.58855
32.03,33.428043
32.03,33.27439
32.55,33.236584
32.55,33.283005
32.55,33.972115
32.55,33.8258
33.35,33.780724
33.35,33.810444
33.35,34.728706
33.35,34.605755
35.02,34.560867
35.02,34.575512
35.02,36.356194
35.02,36.313145
36.49,36.29313
36.49,36.29138
36.49,37.78479
36.49,37.751343
36.99,37.702488
36.99,37.65257
36.99,38.12499
36.99,38.015263
38.33,37.89314
38.33,37.78932
38.33,39.273834
38.33,39.21492
37.2,39.10418
37.2,38.987442
37.2,38.079796
37.2,37.84517
33.9,37.617058
33.9,37.447758
33.9,34.689373
33.9,34.230385
32.48,33.899754
32.48,33.73474
32.48,33.168163
32.48,32.793118
33.09,32.569
33.09,32.509365
